<keymap version="1" name="Eclipse copy" parent="Eclipse">
  <action id="Diff.FocusOppositePane" />
  <action id="ShowColorPicker">
    <keyboard-shortcut first-keystroke="ctrl tab" />
  </action>
  <action id="Switcher">
    <keyboard-shortcut first-keystroke="shift ctrl tab" />
  </action>
  <action id="UpdateRunningApplication" />
  <action id="android.deploy.ApplyChanges">
    <keyboard-shortcut first-keystroke="ctrl f10" />
  </action>
  <action id="android.deploy.CodeSwap">
    <keyboard-shortcut first-keystroke="ctrl alt f10" />
  </action>
</keymap>